Chief Ontrooper,Jose.Ontropy#8537,0x1B587644502e1cc7a57fdb4C3D0fB222F8240f7e
Chief Ontrooper,Alexander Atamanov#2516 ,0x5B6580881E6F7888B4648402b29582Cd2C73BF7f
Gold Ontrooper,Akuma#6990,0x17767A90A3a2377ABA078a6f3Ab3Bc4da43ad4B2
Gold Ontrooper,Skinned#9273,0x4b91687985652B3ea439937Be794D75fE51d11e7
Gold Ontrooper,MetaPassion#8189,0xaab6Af0199FB92f0B62886cAae0F7B4aB46AE441
Gold Ontrooper,azureblue#5668,0x3AEdbc38B51BA03Cc3797eadC6a76FE2827C8770
Gold Ontrooper,Su#6914,0xce5Ad1bEAa01e8ba07FA47CC3e8ae1eFD7a39bB3
Gold Ontrooper,Hope888#0743,0xC07726e2eF0B4E020B55BE1755a71A6D0a578830
Gold Ontrooper,huuanh#6410,0x5425dac8206dfd044dc0de9b26d5d8fc8fe2e81d
Gold Ontrooper,gmhodler#5735,0xa4adB185391Fa5894B0Fc881C6523ccE5c5b133f
Gold Ontrooper,YEARx2#9151,0x94a56EB090Cf28e77d31c653560E3d6986D06F15
Gold Ontrooper,billybohner#4844,0xfb44496ef7CE7Dc94dA1Ec9F45115C80BBA1778D
Gold Ontrooper,A_ky‚íé#1336,0xeb360BBa37d64b28B5a9d4a61917735244c461b0
Gold Ontrooper,savea#8101,0xDc877A64812887ad8Aa4e53F5E0F7c2BdD62f53e
Gold Ontrooper,olxa#6579,0x8362d8807158c70fc91600543b2b857059aaf0a6
Gold Ontrooper,Vozmak#9583,0x4f4570049d1F8D6DD6Ef12Ce82eB0f84513375C7
Gold Ontrooper,Sunshine Boy-LAOWANG#8888,0x522Ea58a06842817A18B1fC6E2311c3c24094181
Gold Ontrooper,Jace#6770,0xDB70EED3578f12929eae82e0f13E51CA01216789
Gold Ontrooper,Koma#5932,0x24F61E560f480E98Ac48A918708570cBf4884B82
Gold Ontrooper,MG510#6556,0x39b424487d48982c431c965d638f0fcaccb33456
Gold Ontrooper,Tung#6913,0xc530B5D992c791C41ade79db3dE65206821c1B2b
Gold Ontrooper,poposs#3651,0xe223EE73BB89785a3AF06325CA48F604229EE26E
Gold Ontrooper,Arm#7681,0xf7c6a011CCB9274876c1787e7bdA7Db3de4A2d1f
Gold Ontrooper,millionhu#2377,0xfc4a28f32C1a3E746fa9E324Cf9846Aec77c8C40
Gold Ontrooper,yaofu#9869,0xD30decB0E953f5829cA92E4E055D1D7bdFb8658f
Gold Ontrooper,AnthonyThomas9309577#2099,0x243A8567272f9Eabf2fa8ee35528622A4d65365e
Gold Ontrooper,WWW‚Ç¨#5059,0x88392225f2680DCA25e384F00ABB51C26B25bD09
Gold Ontrooper,Hamzin#6607,0xAd6c8012576D5A4198F077a2850560a61bC233Ec
Gold Ontrooper,bulon#2646,0x6f3206fAE8f49D4B9694882b3816110f6E203134
Gold Ontrooper,mikehey#2736,0xa5179e7E3D25Cca62bdda011e724e82a2f5329d4
Gold Ontrooper,Ray7897hkhjk#7983,0x17b3511b9fA55372Dd211649A9079dF95AE3d883
Gold Ontrooper,Tonyyiuyiubdkja678#0862,0xc7A2118E9d22ddB46eE5Cb92B9Fe9129F9c90654
Ontrooper,lovec#7350,0xb80C03C701149e43A540830aE44f8A4ADaB01e06
Ontrooper,serui#1799,0x3e52dbb537f18E7fb46c32FE7cc55E2B3243e241
Ontrooper,Md Muneer#1533,0xB1D140AD4CCE4C18af5C37BC5D82d2Ee0F1733a4
Ontrooper,Crypto#7809,0x2bbB8b53e85C05bcaBD4c2fAd52390b9c37cecd3
Ontrooper,Asam101#1217,0x27ee28301f455AD1532F78d3C075Dd826f872176
Ontrooper,EataGe#3318,0x53Ec6cFa6b9CFaC28eCFf3DAa4bEDAA714340908
Ontrooper,Gtinric#3265,0x20861C4aCd572c7325107C9ca8D35483C4Cfc448
Ontrooper,Abogkt#0296,0x6a5e6833e46dE84570B4b7A893bb8688f3da4574
Ontrooper,rupchan#4720,0x506498abf98C157eFE8B226E5EcAa0093aB77F04
Ontrooper,CryptoSummer#2745,0x90af1D8F4c3af300678f31032E6A426bb5fFe2Ed
Ontrooper,Aidrog#7031,0x60A9AF3f3f77A5333025fcA418db34411B9A10FC
Ontrooper,Êö¥Ë∫ÅÁöÑÁÜäÁå´#3661,0xCe55dEb961264b97cbb1913A1CEF8ebfA7840ab9
Ontrooper,dhi#7657,0x7716937Cd649850a8e28c8a182C80ca7b7C95BA1
Ontrooper,Neewelth#5767,0x8e5cE87E8cA324C55e3453AC48535da23170E76e
Ontrooper,Aompson#8602,0x433343c6c42E73C4cc1C867B12a530615FD27A6c
Ontrooper,mrNimbus#7164,0xE55c9840eb6Ba1c75160Ed611E3C72Bc438dCA54
Ontrooper,Dreinoality#8078,0xcE6c82b62E185aBaADD8f53860CC601fDEbfDE62
Ontrooper,Kenne#7027,0x33f8A796697760aE4891E938395bBc715C06F883
Ontrooper,jinmaomao#2963,0xfFA4589BeEb758133A8EA19d365a3A49348196A1
Ontrooper,xuelumao#7651,0x74c8470298682737d15E5C3aAeb1442b36fB618B
Ontrooper,MrRebel#5004,0xe5fb7fDe7F44cc1Be8d2d76ae59B3Eb8bEa28C17
Ontrooper,Fer00m#3570,0xaF084423B9333152448E6bb0a1e6BD8CD5bAC1BE
Ontrooper,noblex.bit#9266,0xCE267f189E10CA10235E2de0dFE8E89885e14722
Ontrooper,UncleBonn#0459,0xE2a915D0a2e3E8d6eaA7917D103F49E89F75bb89
Ontrooper,Cici#5464,0xE4d47BeedB5E6f5DE24619789634B85D0073CD14
Ontrooper,mrfeng1122#5203,0x548258E08F8a3119834Dc6588e822a03B87AB98E
Ontrooper,DH86#2814,0xcAFf66193c177e60eF230f8C45A5867Ca46F578D
Ontrooper,ElLoco7#9512,0xd3CCf31820301F0955ca2d7c190F2b3AadB639D0
Ontrooper,Â∏ÅÂúàÂ∞èÁôΩ#2244,0xF893d22d9592bdeA64F598e409c4eeD9855c2769
Ontrooper,Jur#7883,0xF640915C39Be609C5C12600395870C34b517626f
Ontrooper,Cooopeee#1132,0xd13F886325639372a83ece4936654592d79056f7
Ontrooper,ÎèôÎ∞±Ïù¥#1816,0x0313580C6840d0E32A42BeeD4f4f832D011Ef473
Ontrooper,0x606#9471,0x3D66a8Bece916eB9CfbED8D944ecCAe0ef57b0Ae
Ontrooper,_Êúà_yue#1733,0xeAB56F09E51A0666642B6416DC8FBFD4E9914256
Ontrooper,sodasprite#4678,0x043145A2bf34706451D7653684e9cb2c5FFe7aAF
Ontrooper,DSMD#0619,0x8d4ED0dCC69F678bB9afE1f8237cc0BA115bcA11
Ontrooper,Kuntida5159#6046,0x64Df2eD136Aa64Add306E8499324B243861a07ce
Ontrooper,game1#1729,0xE6792B656f5e0e743cfc1D811fb9098dF7a713c7
Ontrooper,Querisaiara#8576,0x98276FF9b17a2eA4A5b6b472C761b4aF169405d6
Ontrooper,OpiumOe#0424,0x30703F20f183decAf2B96f3FA4dEE0C4fA9eAAFd
Ontrooper,majishanaisu#0245,0xebe3d47436a4D250359E83C5BC75291c368a8d82
Ontrooper, Ôªø CaiShen#2820,0x7D335fab8E728B1f409b521471a5041c892384d6
Ontrooper,peechi#8147,0x038695488B077D4De3280b836aE499b56a437029
Ontrooper,GCGolf#4786,0x7F12698Edb37F3647ece93B99Db0a0e95282f837
Ontrooper,TustMan#3688,0x170C2001B1f97945407714A0eBFe169F45B02E42
Ontrooper,@dajtrhe#0810,0x00509eD903475672121d6a1FB2C646eEf4DA6c44
Ontrooper,Maew#9325,0xadc43075f2e45dAf2dfA5230fac6Ba6aF6283bde
Ontrooper,Dastardly.Ad#2113,0x3A2894642CD0eE6bAFCB3920a447D5DAD2f1c6D3
Ontrooper,qwertrain1#7339,0x18468EF37051D08355c7A52D4CDbed50A5bFD75E
Ontrooper,eth520.eth,0x1fC1D46D195a8649adb5188A2506fA62E07d0654
Ontrooper,Waiter.hooked#3224,0x68f334603Fe78c0F28036205fEBFD6Ebe4992e16
Ontrooper,KhunOhm#9742,0x910D89699e03F0E39F54c93876dc2f2C1C4C1a23
Ontrooper,JNr#2731,0xAD481B13227823454127E45782150adFC78DA47A
Ontrooper,anril#4068,0x45a3C388aAC0947c9b8eE0Cf156ee08AeCaC2faD
Ontrooper,anino22#7088,0x00409fC839a2Ec2e6d12305423d37Cd011279C09
Ontrooper,KeroMan#5338,0x3871874078879120BD30e6a92ee5b1eD8a9C05a2
Ontrooper,BLUE#1678,0xf8176323E62500Ae678ca87fA41a97Cf70Ab6Bd5
Ontrooper,BlackHareKnight#7953,0x9206788f38584eABaB12d5302337aB31Ea0eB118
Ontrooper,Kwainoi#6678,0xe48dFD2C32ec4Ce5E4E31267184D719DceC614A6
Ontrooper,fmld#0149,0x998ce449D5a959D1531B5DB6c7fFC25C268925f5
Ontrooper,Gapjirun#9082,0xA7a91110806e00DA6e6BB4b093a9652750296f06
Ontrooper,Poupee#3497,0x79Bdda65C706CBdA69C0AD4C8da1d3e91724f48D
Ontrooper,PKhemapet#5128,0x83bbe9CFCc205bb8E53cBa0b51d6db9386CE58B5
Ontrooper,matter#0591,0x985482EDEDF5EBE8193904E2674107cC7d378a50
Ontrooper,iboyhasnoname#6410,0x6E6360aF8403fA5f47C4Dc10A39c2391BD0b1BB0
Ontrooper,Phu#8888,0xad1F277b0154b485DE16Aa3a6AB8D5Cb88d0299C
Ontrooper,Taemujin#6096,0xC5f3424B0aD611Fea37879e8bED2458F288eF631
Ontrooper,s33#7251,0x046900722261F3Eb17324A73FCc11B88b0c30353
Ontrooper,fusrodust#3393,0x30063B5662db49C81D57E6734332907616e66035
Ontrooper,goldenboy#7494,0x15785A090c83b215FcCF2F30fb0878C14AC8C5dD
Ontrooper,sh#5498,0x4Dfa94C49885742A4FCB51Fd6a3994Cf427D6A47
Ontrooper,duck.#2797,0xD30decB0E953f5829cA92E4E055D1D7bdFb8658f
Ontrooper,ÏÜ°ÎØºÏÑ†#5549,0xc0515fa8558D392C994BDD913557CCa7A304cDe7
Ontrooper,aruoxyz#0914,0x1aB441F28582Bffe94f8DD760ea1ee3e99350970
Ontrooper,0xPR63üî¥ | ü¶áüîä#1269,0x2b71A9ef572e8954D1A96c81c27ffCB4DE583973
Ontrooper,nongm | zerotocrypto#9999,0x3D2c984b5e19706c13529855f50fc5482De23bFf
Ontrooper,T√∂NEü¶áüîä#8888,0x55DcFE71136578198452039E1c9eF781e6970AA9
Ontrooper,Rmud#5408,0x55812a825C8304B055A256D01F45e1b73b4e6C17
Ontrooper,babytg#3912,0xC8D9B774F920382e9b69900C9506e7126D3Ee899
Ontrooper,bishop#0003,0xB11eA4c26a9911E1BacD023aE885Afe27071032c
Ontrooper,GainSP#9745,0x71D35D586e80EB9a674A1151bDC126597092657e
Ontrooper,Moze#5091,0x13A0B5197fc61113B20352f4c89E797b7705a23B
Ontrooper,CuuC#1903,0x00f903a27295c1BB22Cf685b9452e3183d07e5FC
Ontrooper,testnet25#6185,3g6BbYmquvaCGDagKye4MEuax9iFJQGWUSjEC5nRBptY
Ontrooper,nooncha_#7054,0x1E1CC2Fe29B1f069F1B753B98aDbD3e051E7e43a
Ontrooper,Lencier#1316,0xAB5B32BC9Fed6D9D87F75ce98e519C5cdAEa0D88
Ontrooper,JOB#0411,0x51Bc66839128Abd52D0D674c19AEB600118Bec13
Ontrooper,CandyUnicorn#9765,0x86e98A872013c68c48B66B421b09093ab8dE7c34
Ontrooper,–ö–æ–∫–æ—Å#5846,0x5185eBf93d627f1A20B39B8D5EA2878A6f24fAED
Ontrooper,Nt#9716,0xadF89e9d2a6136BC4ec939829BB253bf31Ae766f
Ontrooper,Kan#5887,0x7D92F2aADa88604b43f056064a11ac54260918Ad
Ontrooper,humblefool94#8820,0x042B13939dc5789de524E44beBD0fc18b672bf35
Ontrooper,lacan21#0258,0x14AfD68B572872dBAC0416013c6FF72f4c817179
Ontrooper,ggeeeeeeez#7856,0x114A9b71D866813E590123F9e02F3077adfd88Ab
Ontrooper,DrunkenImmortal#3638,0xFcda35174a63714255098AA838D0101303A20438
Ontrooper,ZiyiüêØ#0291,0xD52B8cBDF6d2158aB3c5367E56D7Df85A279d111
Ontrooper,Pixels Poet#1520,0x76ce075e6CcB713099dEe965F4124fb204c741ab
Ontrooper,nanai#1623,0xa8195f2b9486f574bEF18D5bb1E7cAf335e9099A
Ontrooper,monomi | thaitalent#0381,0x78e507aAf44f20C93923fe3c5c5e36C6f5d99CfA
Ontrooper,Seng Woy#7109,0x06596Ce72d0DEfFaD7FF26Bdc64795c18bD3128a
Ontrooper,Tanjai#4167,0xC81311F1e7dd89F363a6B4E616fB862E67BD04d4
Ontrooper,zhangsanfeng#4217,0x78FD93348A561036ccE3E17e7fFA4ffac6De3E5D
Ontrooper,Noel54353tret#8412,0x719010EbC0F491F563DD321f2fB163B678f542B0
Ontrooper,Kryptomania#3764,0xF420cc9958d4Be3aA6f714a49AcB0FF3b587E2eA
Ontrooper,July#5861,0xdF82BcB1B995BC03A6D544E9aA7178dDDCCaBb54
Ontrooper,jackma#2284,0x6E08562163B654d3741cC022cDE07eCB8d3c0F78
Ontrooper,Sawasdee#4473,0x132698Fcec433EA0f1400436f380d1099691E367
Ontrooper,oil#9755,0x564ea5006E18346862B8061f9eAe3D87f3b75212
Ontrooper,boomhoü¶áüîä#4933,0x5C718477bf9098AB2573c28179Ef1C79B6694f0E
Ontrooper,anton42069#9351,0xC2F607b2f12B0E67ea00A787ab6EcEa7D5Cce62b
Ontrooper,Taton.bnb#2524,0x26832168725c108BDD1c2174B04cD8A9b6e2a656
Ontrooper,Chasel#7282,0xfD2e7e2E829fC9138F92D573fDef670124DF9a00
Ontrooper,byk#7333,0x5A27d268e830655E908a0a2C3B24F572695AF5e8